endpoint,endpoint_id,scorer,auroc,auprc,auroc_ci_lo,auroc_ci_hi,n_pos,n_eval
E1 pan-dependency,E1,Mutation frequency,0.49908,0.217492,0.490484,0.50753,4584,20751
E1 pan-dependency,E1,Genetic constraint,0.524014,0.218283,0.515512,0.532816,4584,20751
E1 pan-dependency,E1,Cancer-driver annotation,0.506703,0.225253,0.504377,0.508904,4584,20751
E1 pan-dependency,E1,Druggability,0.507168,0.230856,0.500161,0.514309,4584,20751
E1 pan-dependency,E1,STRING centrality,0.695106,0.399455,0.686427,0.703703,4584,20751
E1 pan-dependency,E1,Arithmetic mean,0.579577,0.253348,0.570983,0.588324,4584,20751
E1 pan-dependency,E1,Rank aggregation,0.532681,0.240849,0.523267,0.541517,4584,20751
E1 pan-dependency,E1,Weighted rank aggregation,0.634129,0.310831,0.625063,0.642374,4584,20751
E1 pan-dependency,E1,ECS (multiplicative),0.415223,0.179454,0.405969,0.424871,4584,20751
E1 pan-dependency,E1,Harmonic mean,0.575195,0.253865,0.566803,0.583544,4584,20751
E1 pan-dependency,E1,Logistic regression,0.678567,0.337881,0.670417,0.686543,4584,20751
E1 pan-dependency,E1,Elastic net,0.67146,0.327326,0.66324,0.679449,4584,20751
E1 pan-dependency,E1,Random forest,0.75043,0.48992,0.742605,0.75802,4584,20751
E2 PDAC-enriched dependency,E2,Mutation frequency,0.491325,0.054513,0.476265,0.506953,1147,20751
E2 PDAC-enriched dependency,E2,Genetic constraint,0.496282,0.05148,0.48046,0.511801,1147,20751
E2 PDAC-enriched dependency,E2,Cancer-driver annotation,0.50621,0.056567,0.501996,0.510784,1147,20751
E2 PDAC-enriched dependency,E2,Druggability,0.526235,0.059973,0.511969,0.539434,1147,20751
E2 PDAC-enriched dependency,E2,STRING centrality,0.601394,0.080671,0.584246,0.61837,1147,20751
E2 PDAC-enriched dependency,E2,Arithmetic mean,0.561247,0.066152,0.545344,0.577061,1147,20751
E2 PDAC-enriched dependency,E2,Rank aggregation,0.517678,0.060731,0.500501,0.535247,1147,20751
E2 PDAC-enriched dependency,E2,Weighted rank aggregation,0.574947,0.073172,0.557977,0.59136,1147,20751
E2 PDAC-enriched dependency,E2,ECS (multiplicative),0.468786,0.049299,0.452064,0.485265,1147,20751
E2 PDAC-enriched dependency,E2,Harmonic mean,0.566639,0.06832,0.550697,0.581857,1147,20751
E2 PDAC-enriched dependency,E2,Logistic regression,0.603186,0.077493,0.587262,0.619118,1147,20751
E2 PDAC-enriched dependency,E2,Elastic net,0.594169,0.074201,0.578561,0.610589,1147,20751
E2 PDAC-enriched dependency,E2,Random forest,0.631043,0.088668,0.613612,0.648057,1147,20751
E3 conjunctive actionability,E3,Mutation frequency,0.51978,0.05809,0.505129,0.536207,1159,20751
E3 conjunctive actionability,E3,Genetic constraint,0.559221,0.058141,0.546553,0.571626,1159,20751
E3 conjunctive actionability,E3,Cancer-driver annotation,0.521163,0.065639,0.515001,0.527704,1159,20751
E3 conjunctive actionability,E3,Druggability,0.914658,0.260261,0.910628,0.918758,1159,20751
E3 conjunctive actionability,E3,STRING centrality,0.738482,0.175225,0.723356,0.753968,1159,20751
E3 conjunctive actionability,E3,Arithmetic mean,0.832085,0.196594,0.821948,0.842013,1159,20751
E3 conjunctive actionability,E3,Rank aggregation,0.636347,0.093688,0.620539,0.652061,1159,20751
E3 conjunctive actionability,E3,Weighted rank aggregation,0.834507,0.259831,0.822726,0.846321,1159,20751
E3 conjunctive actionability,E3,ECS (multiplicative),0.693081,0.080425,0.683776,0.702398,1159,20751
E3 conjunctive actionability,E3,Harmonic mean,0.892576,0.245061,0.886519,0.898736,1159,20751
E3 conjunctive actionability,E3,Logistic regression,0.931284,0.371356,0.927299,0.935223,1159,20751
E3 conjunctive actionability,E3,Elastic net,0.927481,0.333217,0.923127,0.931536,1159,20751
E3 conjunctive actionability,E3,Random forest,0.942464,0.486226,0.938725,0.946263,1159,20751
E3-A leakage-controlled essentiality,E3-A,Mutation frequency,0.49908,0.217492,0.490484,0.50753,4584,20751
E3-A leakage-controlled essentiality,E3-A,Genetic constraint,0.524014,0.218283,0.515512,0.532816,4584,20751
E3-A leakage-controlled essentiality,E3-A,Cancer-driver annotation,0.506703,0.225253,0.504377,0.508904,4584,20751
E3-A leakage-controlled essentiality,E3-A,Druggability,0.507168,0.230856,0.500161,0.514309,4584,20751
E3-A leakage-controlled essentiality,E3-A,STRING centrality,0.695106,0.399455,0.686427,0.703703,4584,20751
E3-A leakage-controlled essentiality,E3-A,Arithmetic mean,0.579577,0.253348,0.570983,0.588324,4584,20751
E3-A leakage-controlled essentiality,E3-A,Rank aggregation,0.532681,0.240849,0.523267,0.541517,4584,20751
E3-A leakage-controlled essentiality,E3-A,Weighted rank aggregation,0.634129,0.310831,0.625063,0.642374,4584,20751
E3-A leakage-controlled essentiality,E3-A,ECS (multiplicative),0.415223,0.179454,0.405969,0.424871,4584,20751
E3-A leakage-controlled essentiality,E3-A,Harmonic mean,0.575195,0.253865,0.566803,0.583544,4584,20751
E3-A leakage-controlled essentiality,E3-A,Logistic regression,0.678567,0.337881,0.670417,0.686543,4584,20751
E3-A leakage-controlled essentiality,E3-A,Elastic net,0.67146,0.327326,0.66324,0.679449,4584,20751
E3-A leakage-controlled essentiality,E3-A,Random forest,0.75043,0.48992,0.742605,0.75802,4584,20751
E3-C out-of-evidence druggability,E3-C,Mutation frequency,0.562772,0.282396,0.554784,0.571189,5188,20751
E3-C out-of-evidence druggability,E3-C,Genetic constraint,0.6427,0.310001,0.635152,0.650129,5188,20751
E3-C out-of-evidence druggability,E3-C,Cancer-driver annotation,0.51089,0.259746,0.508562,0.51318,5188,20751
E3-C out-of-evidence druggability,E3-C,Druggability,1.0,1.0,1.0,1.0,5188,20751
E3-C out-of-evidence druggability,E3-C,STRING centrality,0.620265,0.355769,0.610832,0.629237,5188,20751
E3-C out-of-evidence druggability,E3-C,Arithmetic mean,0.874082,0.76015,0.868255,0.879976,5188,20751
E3-C out-of-evidence druggability,E3-C,Rank aggregation,0.678891,0.424076,0.670566,0.686803,5188,20751
E3-C out-of-evidence druggability,E3-C,Weighted rank aggregation,0.808335,0.640845,0.801478,0.815107,5188,20751
E3-C out-of-evidence druggability,E3-C,ECS (multiplicative),0.71718,0.345563,0.710506,0.72385,5188,20751
E3-C out-of-evidence druggability,E3-C,Harmonic mean,0.935705,0.872543,0.930746,0.940476,5188,20751
E3-C out-of-evidence druggability,E3-C,Logistic regression,1.0,1.0,1.0,1.0,5188,20751
E3-C out-of-evidence druggability,E3-C,Elastic net,1.0,1.0,1.0,1.0,5188,20751
E3-C out-of-evidence druggability,E3-C,Random forest,1.0,1.0,1.0,1.0,5188,20751
E4 CRC zero-shot transfer,E4,Mutation frequency,0.497123,0.218465,0.488413,0.505209,4608,20751
E4 CRC zero-shot transfer,E4,Genetic constraint,0.530262,0.223684,0.521834,0.538651,4608,20751
E4 CRC zero-shot transfer,E4,Cancer-driver annotation,0.507475,0.227189,0.505095,0.509744,4608,20751
E4 CRC zero-shot transfer,E4,Druggability,0.506429,0.231753,0.499143,0.51355,4608,20751
E4 CRC zero-shot transfer,E4,STRING centrality,0.701845,0.407527,0.693263,0.710269,4608,20751
E4 CRC zero-shot transfer,E4,Arithmetic mean,0.580219,0.254284,0.57179,0.58895,4608,20751
E4 CRC zero-shot transfer,E4,Rank aggregation,0.53403,0.242239,0.524418,0.543205,4608,20751
E4 CRC zero-shot transfer,E4,Weighted rank aggregation,0.638046,0.315992,0.628974,0.646491,4608,20751
E4 CRC zero-shot transfer,E4,ECS (multiplicative),0.415083,0.179966,0.406207,0.424427,4608,20751
E4 CRC zero-shot transfer,E4,Harmonic mean,0.576047,0.2555,0.567573,0.584743,4608,20751
E4 CRC zero-shot transfer,E4,Logistic regression,0.682769,0.344198,0.674498,0.690759,4608,20751
E4 CRC zero-shot transfer,E4,Elastic net,0.674735,0.331759,0.666578,0.682734,4608,20751
E4 CRC zero-shot transfer,E4,Random forest,0.756311,0.498504,0.748437,0.763764,4608,20751
E5 historical clinical-target concordance,E5,Mutation frequency,0.702176,0.115025,0.615301,0.784961,35,20751
E5 historical clinical-target concordance,E5,Genetic constraint,0.388782,0.00128,0.345272,0.433113,35,20751
E5 historical clinical-target concordance,E5,Cancer-driver annotation,0.737354,0.03457,0.650427,0.819289,35,20751
E5 historical clinical-target concordance,E5,Druggability,0.80825,0.008228,0.726653,0.881563,35,20751
E5 historical clinical-target concordance,E5,STRING centrality,0.98614,0.135467,0.980819,0.991036,35,20751
E5 historical clinical-target concordance,E5,Arithmetic mean,0.894308,0.136708,0.831328,0.946427,35,20751
E5 historical clinical-target concordance,E5,Rank aggregation,0.8539,0.017595,0.783748,0.91199,35,20751
E5 historical clinical-target concordance,E5,Weighted rank aggregation,0.956341,0.23439,0.920758,0.984165,35,20751
E5 historical clinical-target concordance,E5,ECS (multiplicative),0.824512,0.008979,0.738069,0.894092,35,20751
E5 historical clinical-target concordance,E5,Harmonic mean,0.941176,0.206837,0.897644,0.974967,35,20751
E5 historical clinical-target concordance,E5,Logistic regression,0.982299,0.290605,0.968144,0.993371,35,20751
E5 historical clinical-target concordance,E5,Elastic net,0.89932,0.16785,0.810439,0.969988,35,20751
E5 historical clinical-target concordance,E5,Random forest,0.941788,0.249922,0.884084,0.990744,35,20751
E6 PDAC drug-response actionability,E6,Mutation frequency,0.566552,0.002333,0.46016,0.671444,32,20751
E6 PDAC drug-response actionability,E6,Genetic constraint,0.370632,0.001138,0.308746,0.433916,32,20751
E6 PDAC drug-response actionability,E6,Cancer-driver annotation,0.63493,0.01144,0.560055,0.714948,32,20751
E6 PDAC drug-response actionability,E6,Druggability,0.780488,0.006917,0.680494,0.863186,32,20751
E6 PDAC drug-response actionability,E6,STRING centrality,0.910324,0.027177,0.84067,0.961723,32,20751
E6 PDAC drug-response actionability,E6,Arithmetic mean,0.731892,0.051487,0.624728,0.831143,32,20751
E6 PDAC drug-response actionability,E6,Rank aggregation,0.78563,0.012703,0.690944,0.869511,32,20751
E6 PDAC drug-response actionability,E6,Weighted rank aggregation,0.905836,0.10547,0.848253,0.956423,32,20751
E6 PDAC drug-response actionability,E6,ECS (multiplicative),0.704801,0.003839,0.600335,0.795904,32,20751
E6 PDAC drug-response actionability,E6,Harmonic mean,0.845582,0.077885,0.764081,0.91641,32,20751
E6 PDAC drug-response actionability,E6,Logistic regression,0.909754,0.021193,0.844247,0.957003,32,20751
E6 PDAC drug-response actionability,E6,Elastic net,0.48123,0.00148,0.386826,0.567365,32,20751
E6 PDAC drug-response actionability,E6,Random forest,0.913446,0.016956,0.853638,0.960759,32,20751
